{"cameraMode":{"drawMode":0,"name":"Shaded","section":"Shading Mode"},"sceneLighting":true,"audioPlay":false,"sceneViewState":{"m_AlwaysRefresh":false,"showFog":true,"showSkybox":true,"showFlares":true,"showImageEffects":true,"showParticleSystems":true,"showVisualEffectGraphs":true,"m_FxEnabled":true},"in2DMode":false,"pivot":{"x":1.6578608751296998,"y":-0.017449617385864259,"z":-5.074906349182129},"rotation":{"x":0.1927356719970703,"y":0.4461531639099121,"z":-0.09902162104845047,"w":0.8683316111564636},"size":7.015491485595703,"orthographic":true}