{"cameraMode":{"drawMode":0,"name":"Shaded","section":"Shading Mode"},"sceneLighting":true,"audioPlay":false,"sceneViewState":{"m_AlwaysRefresh":false,"showFog":true,"showSkybox":true,"showFlares":true,"showImageEffects":true,"showParticleSystems":true,"showVisualEffectGraphs":true,"m_FxEnabled":true},"in2DMode":false,"pivot":{"x":-38.474342346191409,"y":-35.185760498046878,"z":-17.656085968017579},"rotation":{"x":-0.19558852910995484,"y":-0.6131803393363953,"z":0.16021296381950379,"w":-0.7483983635902405},"size":0.34328997135162356,"orthographic":true}