{"cameraMode":{"drawMode":0,"name":"Shaded","section":"Shading Mode"},"sceneLighting":true,"audioPlay":false,"sceneViewState":{"m_AlwaysRefresh":false,"showFog":true,"showSkybox":true,"showFlares":true,"showImageEffects":true,"showParticleSystems":true,"showVisualEffectGraphs":true,"m_FxEnabled":true},"in2DMode":false,"pivot":{"x":-0.17076309025287629,"y":4.0476813316345219,"z":-2.9650895595550539},"rotation":{"x":-0.3114737272262573,"y":0.06120412424206734,"z":-0.02009395696222782,"w":-0.9480955600738525},"size":2.3377833366394045,"orthographic":true}